net,length_um
net183,927.78µm
clknet_0_HCLK,918.48µm
net192,906.7µm
net187,897.22µm
net178,890.58µm
net176,805.98µm
net185,793.73µm
net181,793.19µm
net190,791.53µm
clknet_3_0__leaf_HCLK,664.58µm
net5,527.62µm
clknet_3_6__leaf_HCLK,500.36µm
HCLK,447.47µm
net39,382.26µm
net145,338.78µm
clknet_3_7__leaf_HCLK,307.42µm
clknet_2_0_0_HCLK,227.06µm
clknet_2_3_0_HCLK,222.6µm
net182,209.18µm
net109,197.9µm
clknet_2_1_0_HCLK,191.04µm
clknet_2_2_0_HCLK,182.5µm
clknet_3_1__leaf_HCLK,181.94µm
net191,181.39µm
net189,175.13µm
net180,165.86µm
net38,143.4µm
net128,123.1µm
clknet_3_5__leaf_HCLK,122.92µm
clknet_3_4__leaf_HCLK,122.32µm
clknet_3_2__leaf_HCLK,115.9µm
net7,111.26µm
net188,110.48µm
net3,105.4µm
net162,104.9µm
net172,102.72µm
net179,99.935µm
net175,95.44µm
net11,90.02µm
net35,87.96µm
net1,85.42µm
net108,81.06µm
net112,77.94µm
net184,77.32µm
net177,77.24µm
net186,76.06µm
PRDATA[21],69.41µm
clknet_3_3__leaf_HCLK,64.94µm
net70,61.36µm
net127,60.02µm
net26,59.52µm
net33,58.94µm
net21,55.7µm
net104,55.56µm
net174,55.18µm
net142,53.14µm
net119,53µm
net64,51.92µm
net161,43.88µm
net9,43.66µm
PRDATA[18],41.91µm
net30,41.08µm
_070_,39.7µm
net49,39.14µm
net74,38.06µm
net53,36.16µm
PRDATA[10],35.46µm
net85,35.02µm
u_bridge_fsm.state\[1\],34.95µm
net63,33.88µm
net58,33.64µm
PRDATA[24],33.6µm
net13,33.06µm
net28,32.62µm
net45,30.7µm
net159,30.24µm
net37,29.28µm
net158,28.58µm
net134,27.74µm
net97,27.5µm
net60,27.34µm
net34,27.1µm
net121,26.56µm
net62,25.82µm
net140,24.28µm
u_bridge_fsm.state\[0\],23.64µm
net153,23.64µm
net164,23.54µm
PRDATA[28],23.35µm
net110,22.96µm
net160,22.7µm
PRDATA[15],22.12µm
net79,21.54µm
PWDATA[20],21.28µm
_067_,20.7µm
net107,19.64µm
PRDATA[25],19.45µm
PRDATA[6],19.36µm
HWDATA[20],19.28µm
PRDATA[16],19.22µm
net126,19.2µm
PRDATA[2],18.9µm
PRDATA[9],18.9µm
PRDATA[14],18.68µm
HWDATA[7],18.6µm
PWDATA[11],18.55µm
PRDATA[31],18.44µm
net98,18.36µm
PWDATA[9],18.35µm
_068_,18.04µm
PRDATA[1],17.76µm
PRDATA[23],17.76µm
net42,17.72µm
net135,17.56µm
net130,17.36µm
PRDATA[13],17.17µm
HWDATA[18],16.89µm
PRDATA[27],16.89µm
PRDATA[26],16.6µm
net52,16.56µm
net105,16.56µm
HADDR[10],16.46µm
PWDATA[22],16.09µm
net137,16.07µm
PADDR[29],15.87µm
PRDATA[20],15.79µm
_071_,15.76µm
PRDATA[29],15.68µm
net170,15.68µm
net113,15.52µm
PSEL[2],15.37µm
PENABLE,15.29µm
net173,15.22µm
PWDATA[18],15.19µm
net129,15.18µm
HADDR[9],15.16µm
PWDATA[26],15.16µm
PWDATA[23],15.14µm
net131,14.8µm
PRDATA[19],14.76µm
PADDR[30],14.67µm
PWDATA[5],14.67µm
net152,14.52µm
PWDATA[24],14.51µm
PADDR[19],14.39µm
PWDATA[10],14.39µm
HWDATA[19],14.16µm
PRDATA[8],14.08µm
net36,14.08µm
HWDATA[1],13.99µm
PWDATA[2],13.99µm
PADDR[14],13.94µm
net115,13.68µm
PRDATA[0],13.62µm
PWDATA[30],13.59µm
HRDATA[22],13.39µm
net133,13.18µm
PSEL[1],13.11µm
HADDR[24],13.09µm
HWDATA[23],13.08µm
net118,12.96µm
net155,12.96µm
PRDATA[11],12.81µm
net125,12.8µm
net163,12.76µm
PADDR[25],12.67µm
HRDATA[25],12.65µm
PADDR[3],12.65µm
HADDR[21],12.63µm
_065_,12.62µm
HRDATA[5],12.47µm
PRDATA[3],12.46µm
net123,12.46µm
HRDATA[4],12.41µm
HREADYOUT,12.41µm
PRDATA[17],12.29µm
net150,12.22µm
PADDR[6],12.17µm
HRDATA[30],12.15µm
net41,12.04µm
HADDR[29],11.97µm
HADDR[14],11.94µm
PADDR[5],11.94µm
net147,11.84µm
HRESP,11.73µm
HWDATA[27],11.73µm
net48,11.72µm
net92,11.7µm
PWDATA[4],11.68µm
HADDR[26],11.61µm
HWDATA[22],11.61µm
HADDR[8],11.47µm
net124,11.46µm
net117,11.42µm
HADDR[1],11.29µm
HWDATA[16],11.24µm
HWDATA[12],11.15µm
net75,11.14µm
PADDR[22],11.13µm
PRDATA[7],11.13µm
net65,11.1µm
HWDATA[14],11.02µm
HRDATA[18],11.01µm
PADDR[11],11.01µm
PADDR[0],10.99µm
net166,10.96µm
HWDATA[30],10.93µm
PSEL[3],10.93µm
PWDATA[15],10.93µm
net169,10.9µm
PWDATA[31],10.65µm
net111,10.62µm
PADDR[2],10.59µm
HADDR[23],10.56µm
PWDATA[7],10.56µm
net146,10.46µm
HADDR[5],10.32µm
HWDATA[26],10.32µm
HWDATA[28],10.19µm
HWDATA[6],10.19µm
net32,10.18µm
net154,10.16µm
net243,10.16µm
net55,10.14µm
HRDATA[20],10.13µm
net136,10µm
net144,9.94µm
HWDATA[24],9.89µm
_069_,9.88µm
PRDATA[30],9.85µm
net250,9.66µm
HRDATA[19],9.64µm
HRDATA[26],9.64µm
HRDATA[31],9.64µm
HRDATA[3],9.64µm
HRDATA[6],9.64µm
HWDATA[29],9.64µm
PADDR[20],9.64µm
PWDATA[12],9.64µm
HADDR[13],9.52µm
_059_,9.52µm
PADDR[4],9.45µm
PWDATA[25],9.45µm
PWDATA[1],9.43µm
PADDR[23],9.42µm
PWDATA[19],9.42µm
PRDATA[5],9.41µm
HADDR[20],9.4µm
HWDATA[17],9.4µm
net12,9.32µm
net100,9.32µm
_036_,9.205µm
HRDATA[10],9.18µm
HRDATA[15],9.18µm
HRDATA[24],9.18µm
HRDATA[29],9.18µm
HRDATA[2],9.18µm
HRDATA[9],9.18µm
HWDATA[4],9.18µm
PWDATA[16],9.18µm
PWDATA[17],9.18µm
net19,9.1µm
HADDR[27],9.09µm
net120,9µm
HRDATA[0],8.96µm
HRDATA[16],8.96µm
HRDATA[8],8.96µm
PADDR[10],8.96µm
PADDR[9],8.96µm
net132,8.9µm
net168,8.78µm
net47,8.76µm
net202,8.68µm
net171,8.66µm
net201,8.6µm
HRDATA[14],8.5µm
HRDATA[1],8.5µm
HRDATA[23],8.5µm
PWDATA[29],8.5µm
net22,8.44µm
PWDATA[0],8.41µm
net218,8.36µm
net27,8.3µm
net40,8.3µm
net4,8.28µm
PADDR[7],8.27µm
PWDATA[3],8.27µm
HADDR[12],8.23µm
_061_,8.16µm
_051_,8.14µm
net206,8.02µm
net211,8.02µm
net83,7.94µm
HWDATA[31],7.91µm
net29,7.82µm
net167,7.82µm
PADDR[24],7.79µm
PADDR[8],7.79µm
net205,7.68µm
net229,7.68µm
net233,7.68µm
net241,7.68µm
net116,7.64µm
HRDATA[17],7.61µm
HRDATA[12],7.59µm
PADDR[27],7.59µm
PWDATA[14],7.58µm
HWDATA[21],7.57µm
net81,7.56µm
net17,7.52µm
net67,7.52µm
HADDR[31],7.47µm
_022_,7.385µm
net148,7.22µm
HWDATA[15],7.21µm
PRDATA[4],7.21µm
_009_,7.18µm
PWDATA[27],7.11µm
net106,7.1µm
net114,7.06µm
net89,6.98µm
net20,6.92µm
PADDR[15],6.91µm
PRDATA[12],6.87µm
HADDR[6],6.79µm
PADDR[17],6.77µm
net226,6.74µm
net224,6.72µm
net149,6.64µm
net78,6.6µm
PWDATA[13],6.57µm
HWDATA[8],6.53µm
PRDATA[22],6.53µm
net165,6.52µm
net43,6.5µm
net68,6.5µm
PADDR[13],6.45µm
PADDR[16],6.45µm
PADDR[1],6.45µm
HRDATA[21],6.43µm
PADDR[21],6.43µm
PWDATA[28],6.43µm
net143,6.36µm
_035_,6.3µm
net198,6.26µm
net203,6.26µm
net217,6.26µm
net239,6.26µm
net248,6.26µm
PADDR[12],6.11µm
net200,6.04µm
net242,6.04µm
_001_,5.96µm
_016_,5.96µm
_032_,5.96µm
_045_,5.96µm
_057_,5.96µm
net207,5.92µm
net230,5.92µm
HRESETn,5.85µm
PSEL[0],5.77µm
PADDR[31],5.75µm
PWDATA[21],5.75µm
PWDATA[6],5.75µm
net71,5.72µm
HADDR[17],5.63µm
net210,5.58µm
net216,5.58µm
net244,5.58µm
net249,5.58µm
net251,5.58µm
HREADY,5.51µm
HWDATA[5],5.51µm
PADDR[26],5.41µm
HADDR[0],5.29µm
net101,5.26µm
HADDR[11],5.17µm
HTRANS[1],5.17µm
HWDATA[0],5.17µm
HWDATA[11],5.17µm
PREADY,5.17µm
net99,5.14µm
net231,5.14µm
HRDATA[11],5.07µm
HRDATA[13],5.07µm
HRDATA[27],5.07µm
HRDATA[28],5.07µm
HRDATA[7],5.07µm
PADDR[28],5.07µm
net215,5.06µm
net228,5.06µm
_005_,5.04µm
HADDR[28],4.95µm
HADDR[7],4.95µm
net51,4.94µm
net73,4.88µm
net227,4.88µm
HADDR[22],4.83µm
net87,4.8µm
net95,4.8µm
net2,4.76µm
net46,4.76µm
net44,4.66µm
HADDR[15],4.61µm
_066_,4.6µm
net232,4.6µm
_023_,4.54µm
HADDR[16],4.49µm
HADDR[30],4.49µm
HADDR[4],4.49µm
HWDATA[10],4.49µm
PSLVERR,4.49µm
_052_,4.46µm
net69,4.42µm
PWRITE,4.39µm
net84,4.36µm
net54,4.34µm
net96,4.34µm
net122,4.34µm
PADDR[18],4.27µm
net31,4.2µm
HADDR[18],4.15µm
HADDR[25],4.15µm
HADDR[3],4.15µm
HWDATA[13],4.15µm
HWDATA[3],4.15µm
HWRITE,4.15µm
net219,4.12µm
PWDATA[8],3.93µm
_011_,3.88µm
net8,3.88µm
net15,3.88µm
net18,3.88µm
net93,3.88µm
net141,3.88µm
HADDR[19],3.81µm
HADDR[2],3.81µm
HWDATA[25],3.81µm
net10,3.78µm
_025_,3.76µm
net56,3.74µm
net195,3.74µm
_049_,3.66µm
_046_,3.64µm
net6,3.56µm
_002_,3.54µm
_014_,3.54µm
_018_,3.54µm
_034_,3.54µm
_037_,3.54µm
_041_,3.54µm
_047_,3.54µm
_064_,3.54µm
net254,3.54µm
HWDATA[2],3.47µm
HWDATA[9],3.47µm
net139,3.44µm
net57,3.42µm
net76,3.42µm
net157,3.42µm
net50,3.32µm
_010_,3.3µm
net16,3.22µm
net234,3.22µm
_020_,3.2µm
_030_,3.2µm
_040_,3.2µm
_058_,3.2µm
net156,3.18µm
net23,3.1µm
net66,3.1µm
net208,3.08µm
net102,2.96µm
net61,2.86µm
_055_,2.84µm
net24,2.76µm
net193,2.76µm
net194,2.76µm
net196,2.76µm
net197,2.76µm
net209,2.76µm
net212,2.76µm
net213,2.76µm
net220,2.76µm
net221,2.76µm
net222,2.76µm
net223,2.76µm
net235,2.76µm
net236,2.76µm
net237,2.76µm
net240,2.76µm
net246,2.76µm
net252,2.76µm
net253,2.76µm
_003_,2.74µm
_004_,2.74µm
_013_,2.74µm
_039_,2.74µm
_043_,2.74µm
net14,2.64µm
net59,2.64µm
net88,2.62µm
net138,2.62µm
net151,2.62µm
net72,2.5µm
net82,2.5µm
net86,2.5µm
net90,2.5µm
net225,2.3µm
net247,2.3µm
_000_,2.16µm
_015_,2.16µm
_019_,2.16µm
_021_,2.16µm
_024_,2.16µm
_026_,2.16µm
_027_,2.16µm
_029_,2.16µm
_033_,2.16µm
_038_,2.16µm
_044_,2.16µm
_053_,2.16µm
_054_,2.16µm
_062_,2.16µm
net91,2.16µm
net94,2.16µm
net199,2.16µm
net25,2.04µm
net77,2.04µm
net214,1.84µm
net238,1.84µm
net245,1.84µm
_006_,1.82µm
_007_,1.82µm
_008_,1.82µm
_017_,1.82µm
_028_,1.82µm
_031_,1.82µm
_042_,1.82µm
_050_,1.82µm
_056_,1.82µm
_060_,1.82µm
_063_,1.82µm
_012_,1.7µm
_048_,1.36µm
net80,1.14µm
net204,1.02µm
net103,0.8µm
